{"class_map": {"valid": [{"map95": 0.9312546989297893, "map50": 0.9919309999023246, "class": "all"}]}}